{
    "193685185": {
        "expiry": 1756106407.7211194,
        "added": 1753514407.7211208,
        "plan": "standard"
    }
}